ACC_x_mean,ACC_y_mean,ACC_z_mean,net_acc_mean,net_acc_std,EDA_mean,EDA_std,EDA_slope,RESP_rate,RESP_regularity,HR,IBI,RMSSD,SDNN,pNN50,lf/hf,label,subject
-33.8916,-48.43833333333333,-7.5132666666666665,64.30904397992445,2.5737253909736806,0.28175600250000005,0.017665947704953743,-2.526453688162322e-05,21.84681460272012,1.522815406602485,77.9404360389744,807.7280405405405,197.73439135378428,158.61489297304246,76.42276422764226,3.1654235182931423,1,14
-45.05553333333334,-34.941,-9.933866666666667,64.72225325245095,2.2327114888112143,0.2717970258333333,0.0060861513001649326,1.46035040614608e-05,21.460805615911756,1.6561587504794135,76.84168888749659,804.9815188172043,182.7833585119877,129.88922998478347,68.733153638814,4.754975908113048,1,14
-41.8504,-27.505466666666667,-12.4952,64.60068882999698,2.1650102439871755,0.28543277833333336,0.007376116407649573,1.7642480286443935e-05,20.202501262061016,1.6400281160980188,77.34648402272805,809.839527027027,231.41479744671366,156.98365129453057,76.1517615176152,2.107038033561675,1,14
-50.0738,5.1242,22.155933333333333,65.08475187853603,5.403240346563785,0.30421662,0.00845425977888859,1.7179718041470476e-05,20.644336169583255,1.703005214282085,79.05254336253428,786.1430921052631,199.80285107035974,139.27470828689394,66.75461741424803,4.046315899045416,1,14
-49.7268,-27.036266666666666,-7.1288,65.45411120378002,6.7720302118247755,0.31130901583333337,0.013731684472012746,2.1278056606288855e-05,22.424781740782617,1.7975332947260976,89.67044766417929,701.6578638497652,183.69765911201833,150.61783637655975,51.05882352941177,3.9852127908079633,1,14
-42.053266666666666,-28.63446666666667,-0.3416,64.6703400447582,3.973636264432014,0.3336181025,0.010145372382536143,2.0471408490561063e-05,22.886423494433746,1.5390863271075994,115.90856018417773,553.8066081330869,214.38265967311466,163.812387055922,59.44444444444444,1.2082631038090106,2,14
-39.665933333333335,-27.341933333333333,-5.0622,64.67844780585125,3.5562418495433197,0.3388630058333334,0.024585574950923273,-3.6825048611145546e-05,23.441189518725764,1.6657361225448428,122.16394830616265,514.9001288659794,168.77385365608617,136.3937017541684,36.144578313253014,3.625878497440873,2,14
-50.49653333333333,2.7516,38.1254,64.42435212889811,2.018411777877555,0.34261123166666674,0.036427008653511436,4.787168500811415e-05,23.48263651612102,1.6148177687136842,109.89678563101536,560.9492041198502,113.09750191846412,106.00353972198012,22.138836772983115,3.2503972024397596,2,14
