ACC_x_mean,ACC_y_mean,ACC_z_mean,net_acc_mean,net_acc_std,EDA_mean,EDA_std,EDA_slope,RESP_rate,RESP_regularity,HR,IBI,RMSSD,SDNN,pNN50,lf/hf,label,subject
51.54846666666667,19.636133333333333,18.555533333333333,63.39763626460692,3.059779304775289,0.7436583466666665,0.34512634720616664,-0.000912582369390534,22.29512587038029,2.4101688154407928,90.58244871553987,714.3123508353221,206.20989714517106,182.7428332975648,66.7464114832536,5.0409247903320225,1,2
49.574666666666666,19.2966,-15.759333333333334,63.25392949310297,1.7710459286982205,0.2231063958333333,0.07492913141242741,-0.00020759704395975262,22.122198812488026,3.6067548025717797,83.66256624320482,766.8238491048594,213.73310680732837,177.42840746309557,59.23076923076925,2.716673586943485,1,2
33.51506666666667,-0.4758,30.023666666666667,63.323776275325415,4.217205816556901,0.11027341000000002,0.009324573605009151,-1.0347522338557167e-05,21.002000190494336,3.463864024238872,79.63345617943155,801.0110294117648,223.16377253033977,175.36933525277965,63.27077747989278,5.092624187571589,1,2
34.967733333333335,-45.423066666666664,12.347866666666667,63.00000943349617,4.712226442570415,0.12473328583333335,0.05244876134744079,9.11590020583348e-05,22.046823253194887,2.1662258830833303,87.60252248754632,733.7239583333334,210.13438830579028,175.8574720137571,66.33906633906633,3.813581029884548,1,2
28.694333333333333,18.151466666666668,20.3894,64.38870319193295,7.3696111110310145,0.5948301166666667,0.1489150305356091,0.0002652765824351268,22.53262056676438,1.8761365352469315,99.6654884041794,646.0024350649351,231.40746053549344,175.29718435201298,78.95878524945769,1.5051672165502799,2,2
51.683733333333336,6.346333333333333,17.695133333333334,63.61294500059397,6.04500027720492,0.8165034725,0.17508786462908915,0.0004753978035991691,23.33445088366301,1.706999631975436,100.65149923678463,647.7610930735931,246.2552973405354,192.14715083968164,80.26030368763556,1.8566165977559055,2,2
50.109,7.3356,22.992466666666665,63.38578493780027,4.192469576784828,1.0814063141666668,0.1299093002103601,-3.954334179051421e-05,23.155361448959926,1.750653007806226,95.88712897421728,680.7883522727273,269.1441641848276,197.59436338735844,81.09339407744874,2.5517677288813516,2,2
