ACC_x_mean,ACC_y_mean,ACC_z_mean,net_acc_mean,net_acc_std,EDA_mean,EDA_std,EDA_slope,RESP_rate,RESP_regularity,HR,IBI,RMSSD,SDNN,pNN50,lf/hf,label,subject
-53.3076,-20.4402,15.049933333333334,64.6957673954058,1.9126807852372458,4.983829338333333,1.6290240045094564,-0.004666231248174487,24.629203198077725,1.8053271432724385,81.87780696423793,839.5804073033707,278.02335339897485,293.2932412668209,80.56338028169013,1.3871775869091947,1,3
-37.473866666666666,-16.986466666666665,23.769266666666667,64.19167698534952,1.8640652193207234,1.7863495666666669,0.4053286602466722,-0.0011547110022784772,23.01764686259465,1.4240364027161132,84.67526587306965,802.9909517426273,277.1528974747134,277.7358708099296,80.91397849462363,2.2822555147034724,1,3
-42.09673333333333,-1.8606666666666667,40.474066666666666,64.22095929977921,2.732200569034949,0.7653987066666668,0.16993957878113805,-0.00047335846899199433,24.028961677700366,1.6994004530934619,76.4049767289553,901.8598942598187,297.04440939917225,302.1839443046779,83.63636363636363,8.360446156495888,1,3
-34.04193333333333,41.9538,17.7548,64.93203206428058,5.101739442246309,0.4185475425,0.05824581563860641,-0.0001540428412623905,24.4926285959391,1.7917163430236394,75.76759374427604,903.2760574018126,295.1342004232476,286.337588070065,78.48484848484848,2.196975797620571,1,3
-50.993,-5.2188,-4.8848,65.57724494384172,5.735545214599926,0.8546812983333333,1.0267966307694882,0.0021476288166380674,23.343730684644022,1.6041623615608043,97.53339718570753,676.8240950226244,236.00857388209795,225.85334789004187,71.88208616780048,2.415441883809561,2,3
-59.54793333333333,-12.6942,-16.412133333333333,65.42370995887764,1.8087311989318189,3.904650718333333,0.7235492368694965,-0.0011357915595913669,24.030094833052818,1.6746157263664259,100.01601207658094,644.5900537634409,228.5441170898034,180.72152503809244,76.07758620689656,2.5456228154888825,2,3
-62.05126666666666,11.9448,-3.4058,65.56445502265368,2.662599778867349,1.791669173333333,0.32748446338717346,-0.0008809299706110931,23.401782992989943,1.55097310791919,96.17508219904788,684.3607305936073,274.7468345286693,213.11008516922902,83.06636155606407,1.5482398172793796,2,3
