ACC_x_mean,ACC_y_mean,ACC_z_mean,net_acc_mean,net_acc_std,EDA_mean,EDA_std,EDA_slope,RESP_rate,RESP_regularity,HR,IBI,RMSSD,SDNN,pNN50,lf/hf,label,subject
35.883266666666664,7.301666666666667,39.9599,63.17719515991682,2.7846086007042437,0.38239907166666665,0.020147612598143332,1.0790715792659591e-05,20.332629028488576,1.6220976076147502,99.51053204725638,622.9231568016614,158.2512176730732,123.22387648329116,32.01663201663201,2.6712279090266984,1,10
37.3296,13.586633333333333,13.025,63.38200762543326,2.572639896329576,0.41307744375,0.015414064493945218,-1.8682460860662986e-06,20.430353668307202,1.719703444960712,97.91846720916467,633.2914904862579,169.25614252489456,123.0645229672589,38.306878306878296,3.048193129023893,1,10
50.0315,1.3523666666666667,6.000233333333333,63.17458656680675,1.947711164342991,0.40753744333333336,0.04160588631606256,1.9426926526376777e-05,20.23396415411584,1.775505889531948,85.631529533839,734.3558517156863,186.480324245003,157.5096653836081,46.50306748466256,3.1776147948969005,3,10
49.879933333333334,-20.9832,2.8446666666666665,63.018908378252405,4.6057558351945875,0.43428663875,0.021754170429327993,2.219181003113102e-05,21.955620906295948,1.5321458864028326,83.25861466051948,753.8522012578617,204.2759788021726,152.33668493477032,52.141057934508815,3.8356521476792684,3,10
36.5605,-10.259633333333333,27.715,63.06923609536146,2.7308957652916748,0.6498822120833334,0.421388611926116,0.00041399372473892776,23.139281685337252,1.5658737216038165,93.29644160188006,679.1654869762175,154.15618069688983,158.76877376739432,35.82766439909297,4.248327161668003,4,10
48.364100185528756,3.151360544217687,15.671768707482993,63.12541788412091,3.181219978933561,2.5853602604166666,0.4113722346318965,0.00046781027483729044,22.70048643899512,1.700801444990845,106.97031731699391,588.5774803536345,192.040094490928,142.00932554972067,56.637168141592944,3.0382567506303175,2,10
