ACC_x_mean,ACC_y_mean,ACC_z_mean,net_acc_mean,net_acc_std,EDA_mean,EDA_std,EDA_slope,RESP_rate,RESP_regularity,HR,IBI,RMSSD,SDNN,pNN50,lf/hf,label,subject
-47.1299,-4.702633333333333,18.154166666666665,64.60258013661776,3.626486779039233,4.084217064583333,0.8846644399812683,-0.0012298158215804378,21.60231453370004,1.4910737623826436,83.38284544845644,756.2736742424242,213.77408517760253,156.62864295628762,67.50948166877369,2.239656880216582,1,11
-49.06856666666667,-3.4267666666666665,17.280533333333334,64.72596492716197,3.4712050137953745,2.6880178358333335,0.22977617922675803,-0.00031192859812301964,18.925459248751295,1.774820984243742,80.38986119752309,786.2327755905512,223.94886285734646,166.84423840177087,69.77660972404733,1.7657650341401327,1,11
-44.892633333333336,2.1558,-20.810866666666666,65.46840125253368,9.016307675756869,2.4741784170833334,0.2570285700811565,0.00025534128385569234,21.09366592129336,1.9815961860359284,94.16139362971633,686.8377720504009,248.8089370356215,192.34841459195476,77.06422018348623,2.7503930209802614,1,11
-42.98133333333333,-4.046733333333333,18.045933333333334,64.53993405938873,3.645843973131821,3.0432028120833334,0.23063491337006364,0.00019890115892337907,22.764716837867653,1.6806347991626804,107.01644682507892,602.0017570281125,246.08468292102555,177.9019655330917,74.67336683417084,1.2243251366244556,2,11
-30.159466666666667,-11.296366666666666,21.0039,64.044762984842,2.9062233595189286,4.731566179583333,0.5047112235711211,4.517119439473988e-05,23.4262150501752,1.569352726038905,103.10163582884203,620.8873056994819,245.98502608010028,172.37778559256915,75.82987551867221,2.288793506843468,2,11
-56.072983501374885,14.35661090742438,2.2103574702108157,65.23813292653043,3.3706695579060932,3.587728022916667,0.2962732433604378,-0.00041411998872178664,22.269991401547728,1.4215788074481803,93.4910747755519,671.3325867861142,206.23004048007303,141.9764096080396,61.43497757847534,3.273816277342535,4,11
