ACC_x_mean,ACC_y_mean,ACC_z_mean,net_acc_mean,net_acc_std,EDA_mean,EDA_std,EDA_slope,RESP_rate,RESP_regularity,HR,IBI,RMSSD,SDNN,pNN50,lf/hf,label,subject
-39.47356666666666,-41.68966666666667,-8.723566666666667,64.51564861618769,2.4181019345618116,0.27677651416666665,0.01411944676830975,-7.556989905726967e-06,21.648916241698505,1.5854316579119563,77.36989081249646,806.5065612382234,189.96685577256864,144.81599707769962,72.37196765498652,3.9032708479058793,1,14
-45.9621,-11.190633333333333,4.8303666666666665,64.84272035426652,4.123071313765055,0.29482469916666665,0.012294266052663167,1.6092675603763547e-05,20.401068627404292,1.674978786461869,78.20143365816713,797.8944740346205,216.24608618808958,148.65858960855167,71.46666666666668,3.731937418732536,1,14
-48.149566666666665,-23.032233333333334,9.1607,64.91305152035221,5.369137949065813,0.32090873708333334,0.017671891636262132,1.800587110041214e-05,22.758195958236062,1.8369555716291215,97.9395624653111,650.9059446254072,205.49735552652922,174.36798135370523,45.434782608695635,1.857446947871504,1,14
-40.8596,-27.9882,-2.7019,64.67439392530473,3.7707210266968487,0.3362405541666667,0.018988596340116858,1.2338612020597843e-06,23.02000548095368,1.5650067703496247,119.10134506882311,533.8379341050756,192.00378113240356,151.43774473747575,47.41532976827096,1.4484140641846321,2,14
-35.646433333333334,28.507533333333335,21.992233333333335,64.45771579781406,2.3384626277891645,0.34022329500000004,0.029307597570177518,-1.9398918940779667e-06,22.989659672723626,1.5121277712701537,104.20833110895569,599.0103646353647,164.54764578800572,134.02204051758576,36.39999999999999,2.990783652940718,2,14
