ACC_x_mean,ACC_y_mean,ACC_z_mean,net_acc_mean,net_acc_std,EDA_mean,EDA_std,EDA_slope,RESP_rate,RESP_regularity,HR,IBI,RMSSD,SDNN,pNN50,lf/hf,label,subject
36.34596666666667,-16.925233333333335,39.48563333333333,62.78557611618375,3.5383044563128556,0.25717094375000005,0.01811583979378045,1.2995282977045705e-05,21.19056443610191,1.38650091256763,90.80322290404665,702.5937866354044,236.4782390124056,173.22273973002794,61.15023474178405,1.2387355658076131,1,15
40.65233333333333,-8.2645,32.57183333333333,62.91146803455791,2.7946955236896884,0.29733206041666665,0.019304802264508345,1.9947381446159995e-05,20.801882075044887,1.342825552077869,90.49915377528714,702.21018735363,223.37282146412812,163.20081211436803,56.85814771395076,2.8433882090640212,1,15
44.41393333333333,-9.101266666666668,10.2138,63.06853152547473,2.957554939506604,0.47168493708333337,0.11773671145374097,0.00015316709134367913,20.81427264409881,1.5071543335673552,87.72796281815766,730.7545731707318,251.2749844823751,183.31519606168743,70.08547008547008,2.424995303351306,3,15
41.202,-16.339066666666668,28.546033333333334,63.161913267526394,6.878052950179489,0.5258761941666668,0.07099007232284174,-7.551844224452117e-05,22.215868477483912,1.458949215165593,84.6800435794432,753.1014447236181,238.60310996321806,175.24554413932808,64.65408805031447,2.6849070872544973,3,15
37.80246666666667,-7.4361,27.451,63.04673438742879,3.3624668148553636,0.41638028958333334,0.08716759968029918,0.00010909408163048298,22.823257986710264,1.5204053625271665,84.85914408161231,743.5445099255583,180.67784237464008,156.8878696295148,52.04968944099378,6.780731779578805,4,15
47.675155004428696,-13.672885296722763,-2.627657218777679,63.12543831932234,2.417769921964401,1.1987629054166666,0.30085912941964604,0.00039771004272960865,23.62694596933169,1.6575838680487012,91.80344831139591,698.2808857808858,239.29825248587716,179.31262345196745,76.66277712952159,2.7204553469064363,2,15
