ACC_x_mean,ACC_y_mean,ACC_z_mean,net_acc_mean,net_acc_std,EDA_mean,EDA_std,EDA_slope,RESP_rate,RESP_regularity,HR,IBI,RMSSD,SDNN,pNN50,lf/hf,label,subject
35.814366666666665,21.462833333333332,29.5816,63.34088695522039,2.9460775718444165,0.28019016583333334,0.00861160104964998,2.0663256816538344e-06,20.461628476243927,1.4403805169551271,82.67313388303218,796.0438829787234,279.186141471147,227.93389990713814,77.23035952063914,2.2753282530736567,1,16
28.740833333333335,10.8389,35.4665,63.18837773499178,3.0416036154189583,0.2895293495833334,0.0077733219927652655,-2.6194428380108404e-06,20.46260582974099,1.3699899033014726,80.36948600611204,816.821355585831,275.26204396982047,226.94781091082493,79.94542974079127,2.7307477010437635,1,16
36.13863333333333,-36.283833333333334,20.5572,62.73276288411418,4.025385396725796,0.4662907720833333,0.16279615005430914,0.0001911565519416758,20.83248876223635,1.6957885637464236,89.08139166143852,732.1019254278729,240.99930749702435,213.47978714689634,62.66829865361076,4.326568884301203,1,16
24.787333333333333,29.5104,26.2709,63.45528764647064,3.0468294510311797,1.8431529133333333,0.5432239308308484,0.0007489543301031828,22.87483338349744,1.7339108570981066,114.92837096391503,554.1387476894639,202.35915095963543,156.81302028010873,50.13876040703053,2.136100077540006,2,16
41.8241,-23.735033333333334,19.992433333333334,62.780370697647754,1.6567905920574146,1.5549653445833331,0.271087056507204,-0.00036048981066359525,22.02244191700114,1.8125669868506016,111.77092271022254,570.7213368220742,179.46382299750817,158.8596521770589,46.09523809523808,4.602581253718162,2,16
47.317708333333336,39.927083333333336,3.8177083333333335,66.22523874376907,14.314511983675473,0.5070655141666667,0.040171059745364356,-5.3902327379744285e-05,24.200864316582738,1.7617054464762796,85.35231277090057,741.7905824039653,206.02411920418092,166.06344855601148,66.50124069478909,3.4801625944650776,4,16
