ACC_x_mean,ACC_y_mean,ACC_z_mean,net_acc_mean,net_acc_std,EDA_mean,EDA_std,EDA_slope,RESP_rate,RESP_regularity,HR,IBI,RMSSD,SDNN,pNN50,lf/hf,label,subject
-34.9299,-28.221133333333334,-21.7656,64.66275191448177,3.4129383497973254,1.7081878224999998,0.260614308001993,-0.0003611189731760366,20.12525240003528,1.7028183563026997,79.19235457948525,819.7246922024624,228.81168347356487,209.149450201453,78.4931506849315,2.484235945983026,1,17
-47.8837,-4.8541,9.682066666666667,64.81040953436631,3.792318901989268,1.1956578433333334,0.0789837443996946,-0.00011048210289272616,19.62195790527495,2.0236224027992673,74.62126183849759,861.5301724137931,227.12095493363012,202.83532912224223,79.13669064748203,1.7134434587061358,1,17
-48.0338,9.439566666666666,18.25186666666667,64.73831876802149,3.167309545450747,1.0503217966666667,0.039374380183157434,-1.4830815460210786e-05,21.400713357111904,1.5796815257147003,92.52718693326544,708.0320247933885,271.3124002208401,210.0533890135348,82.38770685579196,1.3125257340080392,1,17
-51.577133333333336,8.676366666666667,15.891066666666667,65.01779922362523,5.272610117360521,0.99798766125,0.0395063963058916,-1.9563563483691513e-05,21.16015529863469,1.5243731137418945,89.6939370226199,730.2641595615104,272.8412488693813,210.20026531620113,84.02439024390243,2.3281820527017523,3,17
-46.40186666666666,-6.3406,15.063866666666666,64.71018360663771,4.806502983310115,0.9395636433333334,0.034195210946348746,-1.2668032735769341e-05,23.478541310813558,1.4772197666279347,79.87124454180392,821.9092935528121,244.23444282559387,225.09166633769289,79.12087912087914,2.4235962385160827,4,17
-44.9276,-13.604933333333333,9.741033333333334,64.71172917161931,4.3574619086873225,1.0209817645833335,0.08859593522311937,4.848783294363446e-05,22.1884367694095,1.6973607096627699,97.99264277535133,656.8325109649123,230.7775967751172,176.79542084107467,77.3874862788145,1.8590671253374043,2,17
-39.25391949152542,1.2819915254237289,43.369597457627115,64.30991659573284,5.7127652474015145,1.0486053379166667,0.06314232462408814,2.6409113814516477e-05,23.273588871479344,1.668637778593688,109.11436678066175,589.6324975417896,217.721587758501,172.48454461623865,65.05905511811025,2.5233971439647034,2,17
