ACC_x_mean,ACC_y_mean,ACC_z_mean,net_acc_mean,net_acc_std,EDA_mean,EDA_std,EDA_slope,RESP_rate,RESP_regularity,HR,IBI,RMSSD,SDNN,pNN50,lf/hf,label,subject
45.96143333333333,10.964166666666667,24.599,63.421795217256346,4.765482635970154,0.9320042654166666,0.3269973951240131,-0.0003507290012320287,23.147397051104637,2.104949249689597,90.01071521713828,717.6085329341317,216.90889746425958,181.26043979375353,66.42685851318947,2.931199360685689,1,2
41.544866666666664,9.4104,7.1321666666666665,63.288852884214194,3.2344912944119453,0.16668990291666666,0.07767549083581207,-9.776368498718425e-05,21.557435166550878,3.4334588493744316,81.65176923291617,783.843954248366,218.53003502183097,177.07064215251802,61.12565445026178,3.8191221939940685,1,2
26.0699,-51.94193333333333,12.9534,62.9642892449012,3.9087227092430603,0.1533961204166667,0.05120650064333547,4.2813725760629645e-05,22.20867195762155,2.1034575093557737,88.66045085635018,733.858629130967,245.22964833558387,195.7326858002852,73.16176470588232,2.240001829700496,1,2
29.169233333333334,5.700866666666666,27.939733333333333,63.838073105842945,6.06845302635288,0.43235841291666666,0.20818327933191044,0.00027228334850969583,23.30061025407808,2.106275024546483,97.07753938846771,667.694397993311,233.39230836617605,184.6946938562571,76.22767857142856,1.9160452378710875,2,2
50.896366666666665,6.840966666666667,20.3438,63.49936496919712,5.203106300602465,0.9489548933333333,0.20324731779664063,0.000220046084135606,23.182186370250726,1.719264994200782,98.31302627838699,663.9154208194906,257.52967125970105,195.4176212047989,80.70953436807096,2.2892530762117937,2,2
44.03882158590309,4.077299008810573,23.470952643171806,63.895770661843194,5.808742633176028,0.24961555333333338,0.06635562982976392,-3.0975080145846666e-05,21.419328393955496,2.051202972540279,86.31976156239507,760.0205956907478,264.0802865484211,216.00662182842052,76.77664974619289,2.9952705026287596,4,2
