ACC_x_mean,ACC_y_mean,ACC_z_mean,net_acc_mean,net_acc_std,EDA_mean,EDA_std,EDA_slope,RESP_rate,RESP_regularity,HR,IBI,RMSSD,SDNN,pNN50,lf/hf,label,subject
-49.88656666666667,-20.4639,9.181733333333334,64.80551384266045,3.9511486416919577,5.295844480416667,1.8281241108330935,-0.0003039444620020774,23.20082860102146,1.5736864352800901,87.11188870931818,776.3456549935149,278.57220903986575,264.7742832960448,81.6883116883117,1.9361066431987233,1,3
-39.7853,-9.423566666666666,32.12166666666667,64.20631814256436,2.3388124997833084,1.2758741366666668,0.5976374789623902,-0.0008416029761949612,23.659430235472435,1.5571317245300995,80.75454935460404,849.7562056737588,286.86407269772036,293.5870490112393,82.38636363636364,4.30683622443977,1,3
-34.07306666666667,44.729166666666664,11.220933333333333,64.98261467817737,5.765884400580642,0.4515118825,0.07630689351160348,1.3506082359562987e-05,23.991911871909288,1.6261508166532561,83.18850213915312,822.2870879120879,317.25449532510805,282.7557501768478,83.63136176066027,1.8250953335821476,1,3
-46.143633333333334,3.4674666666666667,14.828166666666666,64.94812261675426,4.604957679036839,0.6194641637499999,0.7636230875833427,0.0005592704457505115,22.87046280683821,1.562146685420445,95.4329178657948,697.1769499417928,259.582543800971,236.2516539196163,76.34032634032633,2.4677486993153748,2,3
-60.7996,-0.3747,-9.908966666666666,65.49408249076565,2.277152906471418,2.8481599458333333,1.1964771365742242,-0.0015727037548765184,23.809410386009716,1.6281199856753463,98.1073776612955,664.0711517165006,251.73920394239758,197.94700207969584,79.49002217294901,3.0396150538254147,2,3
