ACC_x_mean,ACC_y_mean,ACC_z_mean,net_acc_mean,net_acc_std,EDA_mean,EDA_std,EDA_slope,RESP_rate,RESP_regularity,HR,IBI,RMSSD,SDNN,pNN50,lf/hf,label,subject
-34.82573333333333,-13.824,-30.151666666666667,64.66217838505895,3.1035280728253496,0.28842401333333334,0.2127231450170518,-0.0002350078705812275,21.22036144205035,1.8698124268066163,75.34081735870478,865.1553468208092,310.44514807728126,232.23773740070993,83.50217076700436,4.158526065675751,1,4
-38.63536666666667,-8.358666666666666,-16.6301,64.55846408891539,1.7883645639397214,0.12405171000000001,0.00574163868486747,-6.291973403988393e-06,19.869163612384064,1.6292218660803364,66.51554563286504,965.2777777777778,302.2649765577008,224.6386957148145,80.16129032258061,2.0004531182308605,1,4
-51.268166666666666,-3.3790666666666667,18.787366666666667,64.67973739418328,2.7775595918279676,0.15764224083333334,0.04716839233617677,4.51122315854569e-05,21.417644059153492,1.6567047606995182,77.55258671007137,857.9199498567335,323.0671663372928,256.232846617359,81.77905308464848,3.3340897851681506,1,4
-45.74256666666667,18.8228,6.6877,64.96438671224803,3.5910804922044424,0.16042760625,0.022609958420967465,-2.3055124261740273e-05,21.460600648497902,1.8019287994833348,72.20495108731951,893.8850596125186,265.6359743123672,211.58424258766846,66.56716417910445,2.25388761687323,3,4
-30.022833333333335,27.9881,12.534933333333333,64.6558730449196,3.742006698627478,0.15314433541666664,0.01623267266268083,9.444990976126916e-06,23.000657161633193,1.6017903717756863,76.95231599960414,858.0990329512894,323.2048320068376,250.63880799260045,82.3529411764706,1.4489679909561184,4,4
-54.967333333333336,-17.719166666666666,-12.162233333333333,65.20839456575987,2.8178380878808134,0.20165167041666665,0.06658489606762151,6.655471880594082e-05,22.371589085072234,1.5965442873855207,86.35390635202288,775.2061772315653,301.4632360320548,253.78496077294685,84.71502590673575,1.7648669193029463,4,4
-52.38561246867168,-6.346608709273183,19.23249530075188,64.82138885327669,3.4923396947210805,2.33546668,0.3533447655121094,9.688679275986015e-05,22.366887644957302,1.635551038403245,95.98160227591484,677.9553167420814,270.1011624428912,201.5362564047909,82.67270668176671,2.9369292334928474,2,4
