ACC_x_mean,ACC_y_mean,ACC_z_mean,net_acc_mean,net_acc_std,EDA_mean,EDA_std,EDA_slope,RESP_rate,RESP_regularity,HR,IBI,RMSSD,SDNN,pNN50,lf/hf,label,subject
41.00796666666667,16.314466666666668,13.481966666666667,63.3207574494923,3.2395898952231494,1.0193514916666666,0.2756357873210648,7.056885461284849e-07,20.961587139357064,1.429332077895448,96.14313555966528,691.5054849884526,258.05528614638473,226.07955395044004,76.76300578034682,3.8984668751534195,1,5
46.5379,9.881766666666667,8.015833333333333,63.22271454923577,2.275536206227653,0.7623897791666667,0.018407445359045142,-1.4771487819701373e-05,21.360266466100782,1.2683058471249478,86.7256444093512,774.4468669250646,284.256960027476,243.6850489539552,68.82276843467012,2.265101065007361,1,5
52.5447,7.174366666666667,13.9185,63.22215382321848,2.5315803930813088,1.27047845875,0.5733653638364059,0.0006924177791076874,21.12731459958947,1.2734326974808892,82.32889340866956,796.7503324468086,241.63064579474133,212.18047649177757,59.520639147802946,1.9428494386851003,1,5
42.181333333333335,-20.710333333333335,28.8674,62.7922701409508,2.616717513576889,1.35973356,0.24287996649267185,-0.00013073646175111876,19.506873850785514,1.6025642593977854,98.3008624484501,674.2125984251968,271.165249174628,216.47153114895403,71.62162162162164,2.5140910194816746,3,5
40.36333333333334,-16.7862,18.202466666666666,62.95016302856961,2.765002955364561,1.57326143125,0.37336129723228134,-0.00052564067312381,23.674179094496086,1.4713476006170558,97.65895620178158,677.6836158192091,275.3423269740286,215.3454634203827,81.22171945701358,1.9385656990139675,4,5
53.077533333333335,7.369166666666667,20.77166666666667,63.27589619040227,3.812741092018822,1.9315052445833332,0.5291548629101313,0.0004845978196649879,21.30065930612138,1.7712970659149507,98.85179791429043,660.3111233480176,264.26564583847164,195.7989954215785,81.6979051819184,1.9175592193365103,4,5
46.70956753554503,5.373667061611374,18.248272116903635,63.332712481573935,5.470485228591686,3.4896153683333333,0.5548910632335933,0.0007402032278885853,23.87098777077547,1.709927284297997,106.66938463119777,603.8834340382679,235.50843208934472,172.49138506514393,78.125,1.6025906842214324,2,5
