ACC_x_mean,ACC_y_mean,ACC_z_mean,net_acc_mean,net_acc_std,EDA_mean,EDA_std,EDA_slope,RESP_rate,RESP_regularity,HR,IBI,RMSSD,SDNN,pNN50,lf/hf,label,subject
48.04493333333333,5.458566666666667,33.2025,63.16444813181435,2.212621116082502,1.26828196,0.7862865194334829,-0.0010650349347048435,20.736337963669673,1.4646887265361213,79.68724592273813,818.9250341530054,303.5812626296884,221.91614525174515,75.78659370725032,2.457896833656194,1,6
37.23746666666667,-12.810833333333333,27.361366666666665,63.042268057671684,3.4568248646218485,0.3108312566666667,0.08399635893500555,-0.00011763676316610367,21.453429254763055,1.4846924063144074,82.49211054765847,784.1950261780105,276.7705202357355,203.0249661165403,70.90432503276541,2.303752722880265,1,6
40.69446666666666,-3.015833333333333,32.1517,63.158120251651795,3.658211714015143,3.8263417570833336,1.8875737279737745,0.0025850269479599716,21.60709947554196,1.6186957958532346,88.73825833849966,740.9610630407911,298.36333865497215,225.76256564301778,81.31188118811882,3.8961933429583175,1,6
37.99576666666667,24.228233333333332,28.963533333333334,63.35059824670102,2.442505909596961,8.733028335416668,0.52058505122262,0.0003011497608207218,22.86674912960212,1.5998266458695967,90.43171812662771,723.650482509047,296.2799743481296,213.47385698457532,83.09178743961353,0.8326436382751125,2,6
32.2152,13.2081,37.4994,63.14834253328765,2.424679078127183,6.539327135,1.1644868804533055,-0.0015147131866724106,22.96260042258061,1.602781465067205,88.69946408440312,740.9996909765142,287.3630889029791,216.9057256670749,81.4356435643564,2.3675906913222353,2,6
15.839909046214355,-9.65130285152409,53.8485127826942,63.047335844744495,3.496382652240874,1.49979123375,0.23390320486324562,9.044085569763346e-05,23.969053702332918,1.7485137110827866,78.49741556320517,823.725103021978,272.0345900717319,203.12605114476037,74.41540577716641,2.0884687245675657,4,6
