ACC_x_mean,ACC_y_mean,ACC_z_mean,net_acc_mean,net_acc_std,EDA_mean,EDA_std,EDA_slope,RESP_rate,RESP_regularity,HR,IBI,RMSSD,SDNN,pNN50,lf/hf,label,subject
54.36953333333334,-17.7078,17.605966666666667,62.95971108374962,2.515978322132842,5.193293930416667,0.5417482025377071,-0.0006812585194029541,20.278119039538026,1.476013696906495,81.86366463960422,779.0120442708334,201.5297527924679,176.8757922256275,56.19295958279009,5.156332529680547,1,7
55.01606666666667,-15.054766666666668,13.4575,62.914306731963656,1.5446709799800162,4.445526074583333,0.22550979512651592,-0.0002269798565698526,19.553352719563378,1.4951643821947278,84.01322918518646,769.6015424164524,232.86595921039392,192.9810308648216,60.36036036036035,2.3296308106416994,1,7
53.88836666666667,-10.436133333333334,15.4551,62.98545528333319,1.6697972185974244,4.3472283137500005,0.28508081621339176,0.00028016548829913135,20.900398102821004,1.6134588814141086,83.55641985483436,797.7488348868176,295.5061644520579,246.0440187052306,78.0,1.5821610597387339,3,7
52.874833333333335,-18.609966666666665,5.099266666666667,63.25589371100887,6.408518613653907,4.338224136666666,0.08716873286201687,1.6590987495831866e-05,22.505197628976216,1.5093180535982755,79.60760843213382,835.9048117154812,265.6782675393351,245.07914099668506,74.16201117318438,1.5004880216800485,4,7
53.766133333333336,-12.2621,13.074666666666667,63.01211144096941,2.770495458250143,4.895532743333333,0.7277490066116568,0.000923172287843279,22.594466388041432,1.6840272808606132,88.42225508883028,744.6556281094528,235.80664865249986,234.46498781299212,61.3947696139477,1.3175955527672125,4,7
54.9383514986376,-9.447547683923705,15.574591280653951,62.987959853013635,1.9409123167847004,6.620542029166667,0.32330372175872407,0.00037452955059540994,22.923196091282847,1.7154437516376588,104.50191258617532,617.1875,230.34042421165262,177.0712765957307,75.48918640576724,1.80866937125565,2,7
