ACC_x_mean,ACC_y_mean,ACC_z_mean,net_acc_mean,net_acc_std,EDA_mean,EDA_std,EDA_slope,RESP_rate,RESP_regularity,HR,IBI,RMSSD,SDNN,pNN50,lf/hf,label,subject
44.2302,-19.958766666666666,2.7337,63.021452417171034,4.272992928098648,0.53192441,0.18651731872421454,-0.00024375523614066425,21.436186324056564,1.4650521932190121,79.10103372600105,806.8430349932705,196.2456649649113,179.40919961426997,64.42048517520217,2.4204470475030813,1,8
35.0813,-19.138833333333334,16.982633333333332,63.05858514628858,4.001750368893552,0.27599995541666666,0.021194284870948796,-2.913309406781087e-05,18.48105261647511,1.9687792988037718,80.5453335481177,787.5205592105264,222.46588079986398,168.0176056207681,68.64295125164689,5.197851424568951,1,8
32.3353,9.767966666666666,41.654466666666664,63.191296493609805,3.6685574989856904,0.2443912441666667,0.020193790569245522,3.6222773458819874e-06,21.119121904264773,1.4201111906781196,85.80132026078557,762.8816793893129,251.14251769041218,212.0370214571655,78.85350318471339,3.248842867464048,3,8
34.815866666666665,11.5337,5.719266666666667,64.59527280036298,11.609796086926796,0.25183223,0.015962249553804545,-6.3482492036885915e-06,22.473842625770384,1.5473257840547538,83.50161419804638,781.7599543080939,243.95717167888733,210.64317119816536,80.52287581699348,3.4107314163156643,3,8
29.2764,7.962633333333334,-2.3992,63.38077371029255,4.0289234150934154,0.26464817208333336,0.02318786595202623,1.20825224878515e-05,23.533002234085423,1.615025130564097,82.61271025137498,783.8031045751634,239.03458799174,206.9165791562887,71.07329842931938,4.2879991553036945,4,8
44.057602761721256,-0.8397157996146436,27.540944123314066,63.28881126529813,4.580582004811249,0.5677918995833333,0.20253509725955401,0.00027142085463773523,23.14005433214159,1.5887803109718615,95.25961528745867,677.7785633484162,245.9014485207972,187.86038188291317,77.12344280860701,2.2565378701199537,2,8
