ACC_x_mean,ACC_y_mean,ACC_z_mean,net_acc_mean,net_acc_std,EDA_mean,EDA_std,EDA_slope,RESP_rate,RESP_regularity,HR,IBI,RMSSD,SDNN,pNN50,lf/hf,label,subject
31.710233333333335,23.507166666666667,36.6719,63.343381132000125,2.7520961888780473,0.3278326416666667,0.06222669686124756,-8.659163059924139e-05,23.600842887245975,1.539374970306312,87.1817842819565,730.549634591961,209.8201833401407,166.8933179552875,50.0,3.9460857884597424,1,9
36.9376,1.4355666666666667,29.118266666666667,63.2809950921271,4.345099939416795,0.22641917958333332,0.014388368782220122,-1.7660133398894602e-05,24.451406170591977,1.7412779452084743,85.81045331390771,747.9738154613466,259.5931501426175,182.6548513144303,59.925093632958806,2.745457256612812,1,9
51.9439,-6.3695,19.529666666666667,63.13674642182829,3.5543660380465996,0.5397655345833333,0.1567833442241569,0.00020393537578174945,23.012931075556743,1.5395415492925941,91.54593579455232,695.2037412993039,224.32225382045408,165.59347941030958,62.020905923344934,1.7359278859341916,1,9
36.4211,23.907333333333334,23.612766666666666,63.311549106269794,2.135372667956545,1.0414181120833332,0.09442711080054651,0.00012158740826994926,22.795306089268465,1.5408998128525646,93.06480468691376,688.8649425287356,236.19712684110266,175.57358096875538,72.49712313003454,2.19741624047425,2,9
42.5548,8.341366666666667,37.10046666666667,63.297871512560896,3.453977703942405,1.0114727233333334,0.14148040894241667,-0.00019738458339662899,23.969168171007762,1.6899097302827797,93.20713235593367,689.9273590333717,242.54377689183733,178.5651249246943,70.27649769585253,2.51025929057641,2,9
22.87575863678805,6.4845354808590105,54.67489495798319,63.057112554044195,3.9618522141270804,0.5563606704166667,0.1502212318375306,-0.0001477034085939076,24.137700789805027,1.6740609332334206,85.37504429888685,750.2346683354193,227.30633931894684,179.80655454802508,61.1528822055138,2.6427541246667965,4,9
